name;init_value;min;max
w1;-0.1;-0.9999;-0.00001
w2;0.05; 0.00001;0.99999
b;-0.3;-0.9;0.5
gamma;0.07;0.005;0.15
